Gender,Married,Dependents,Education,Self_Employed,ApplicantIncome,CoapplicantIncome,LoanAmount,Loan_Amount_Term,Credit_History,Property_Area,Loan_Status
0.0,1.0,0.3333333333333333,1.0,0.0,0.19967332955408434,0.15998326616228709,0.31564301019938135,0.7297297297297298,1.0,1.0,0.0
0.0,1.0,0.0,1.0,1.0,0.12837107810267098,0.0,0.15119034942323306,0.7297297297297298,1.0,0.0,1.0
0.0,1.0,0.0,0.0,0.0,0.10958836246449068,0.2501595103519051,0.29442331203471706,0.7297297297297298,1.0,0.0,1.0
0.0,0.0,0.0,1.0,0.0,0.2634985287370615,0.0,0.3501250197169608,0.7297297297297298,1.0,0.0,1.0
0.0,1.0,0.6666666666666666,1.0,1.0,0.2372387608304449,0.4451523771995733,0.6843352658104234,0.7297297297297298,1.0,0.0,1.0
0.0,1.0,0.0,0.0,0.0,0.09832774157829147,0.16083198375465996,0.22811175527014116,0.7297297297297298,1.0,0.0,1.0
0.0,1.0,1.0,1.0,0.0,0.12999260751028366,0.2656486064127101,0.39521687831687247,0.7297297297297298,0.0,0.5,0.0
0.0,1.0,0.6666666666666666,1.0,0.0,0.17368381654873657,0.16189288074512603,0.4217415010227028,0.7297297297297298,1.0,0.0,1.0
0.0,1.0,0.3333333333333333,1.0,0.0,0.5716341586670165,0.9999999999999999,0.9018371719982324,0.7297297297297298,1.0,0.5,0.0
0.0,1.0,0.6666666666666666,1.0,0.0,0.13737957481163032,0.07426278933262663,0.1618001985055652,0.7297297297297298,1.0,0.0,1.0
0.0,1.0,0.6666666666666666,1.0,0.0,0.13165917940144115,0.8599631004718163,0.50662029368136,0.7297297297297298,1.0,0.0,1.0
0.0,0.0,0.0,1.0,0.0,0.07670734947678899,0.3012947452923709,0.2785085384112188,0.7297297297297298,1.0,1.0,0.0
0.0,1.0,0.6666666666666666,1.0,0.0,0.05175381359297155,0.11521341316461788,0.02121969816466429,0.1891891891891892,1.0,0.0,1.0
0.0,0.0,0.0,1.0,0.0,0.21620392101502478,0.0,0.3076856233876322,0.7297297297297298,1.0,0.0,1.0
1.0,0.0,0.0,1.0,0.0,0.15134274471051734,0.0,0.17771497212906345,0.7297297297297298,0.0,0.0,0.0
0.0,1.0,0.0,0.0,0.0,0.21336624455170258,0.0,0.3289053215522965,0.7297297297297298,1.0,1.0,0.0
0.0,1.0,0.0,0.0,0.0,0.33826905142142416,0.0,0.2519839157053885,0.7297297297297298,0.0,0.0,0.0
0.0,1.0,0.3333333333333333,1.0,0.0,0.2614716169775456,0.5967545571371783,0.8116534547984091,0.7297297297297298,1.0,0.0,1.0
0.0,1.0,0.0,0.0,0.0,0.11035408468475223,0.20273741487807068,0.2838134629523849,0.7297297297297298,0.0,0.5,0.0
0.0,1.0,0.0,1.0,1.0,0.4238497701565382,0.0,0.48274813324611265,0.7297297297297298,1.0,0.5,1.0
0.0,1.0,0.0,1.0,0.0,0.11931753891016679,0.23902009195201113,0.2997282365758831,0.7297297297297298,1.0,0.5,1.0
0.0,1.0,0.6666666666666666,0.0,0.0,0.18359316292859187,0.11033328700847385,0.2678986893288867,0.7297297297297298,1.0,0.0,1.0
0.0,0.0,0.0,0.0,0.0,0.05819488873987749,0.0,0.06896401903515895,0.7297297297297298,1.0,0.0,0.0
0.0,0.0,0.0,1.0,0.0,0.13589317285465205,0.0,0.17241004758789735,0.7297297297297298,1.0,0.0,0.0
0.0,0.0,0.3333333333333333,1.0,1.0,0.2045829602604672,0.0,0.2572888402465545,0.7297297297297298,1.0,1.0,0.0
0.0,1.0,0.0,1.0,0.0,0.15089231987506938,0.17685152831069798,0.2785085384112188,0.7297297297297298,1.0,0.5,1.0
0.0,0.0,1.0,1.0,0.0,0.5562746717782407,0.31826909713982837,0.8249157661513243,0.7297297297297298,1.0,1.0,0.0
1.0,1.0,0.0,1.0,0.0,0.15841441462705044,0.1547848709090032,0.35808240652870993,0.7297297297297298,1.0,0.5,1.0
0.0,0.0,0.0,1.0,0.0,0.18089061391590408,0.7649067301260543,0.4641808973520314,0.7297297297297298,1.0,0.0,1.0
0.0,0.0,0.0,0.0,0.0,0.162062855794179,0.17695761800974458,0.2678986893288867,0.7297297297297298,1.0,0.5,1.0
0.0,0.0,0.0,1.0,0.0,0.15539656822954906,0.0,0.1883248212113956,0.7297297297297298,1.0,0.0,0.0
0.0,0.0,0.0,1.0,0.0,0.07432009784891476,0.1286868049435373,0.10079356628215538,0.7297297297297298,1.0,0.0,1.0
0.0,1.0,0.0,1.0,0.0,0.17075605511832478,0.2478255369728797,0.3315577838228796,0.7297297297297298,1.0,0.5,1.0
0.0,1.0,0.3333333333333333,1.0,0.0,0.2476886170128378,0.0,0.09283617947040627,0.7297297297297298,1.0,0.0,1.0
0.0,1.0,0.0,1.0,0.0,0.2554359241825428,0.0,0.35808240652870993,0.7297297297297298,1.0,0.0,1.0
1.0,1.0,0.0,1.0,0.0,0.11238099644426808,0.36494856472033654,0.29442331203471706,0.7297297297297298,0.0,0.0,0.0
1.0,0.0,0.0,1.0,0.0,0.1734135616474678,0.24135406533103654,0.35808240652870993,0.7297297297297298,1.0,0.5,1.0
1.0,1.0,0.0,0.0,0.0,0.08008553574264876,0.17441146523262596,0.24137406662305633,0.7297297297297298,1.0,0.5,1.0
1.0,0.0,0.0,1.0,0.0,0.1322447316875235,0.0,0.29442331203471706,0.7297297297297298,1.0,0.5,1.0
1.0,0.0,0.0,1.0,0.0,0.18377333286277106,0.0,0.27320361387005276,0.7297297297297298,1.0,0.5,0.0
0.0,1.0,0.6666666666666666,1.0,0.0,0.20115973151106264,0.0,0.3315577838228796,0.7297297297297298,1.0,0.0,0.0
1.0,1.0,0.3333333333333333,1.0,1.0,0.511232188233444,0.0,0.7347320489515011,0.7297297297297298,0.0,0.0,0.0
0.0,1.0,0.6666666666666666,1.0,0.0,0.11521867290759029,0.12380667878739325,0.2334166798113072,0.7297297297297298,1.0,0.5,1.0
0.0,1.0,0.0,1.0,0.0,0.08927420238578732,0.16878871118315567,0.23076421754072418,0.7297297297297298,1.0,0.5,1.0
0.0,1.0,0.0,1.0,0.0,0.1448566270800666,0.23339733790254083,0.3342102460934626,0.7297297297297298,1.0,1.0,0.0
0.0,1.0,0.3333333333333333,1.0,0.0,0.35718689451023883,0.2387018228548713,0.45357104826969924,0.7297297297297298,1.0,0.0,1.0
0.0,1.0,0.6666666666666666,0.0,0.0,0.14445124472816342,0.30331044957425646,0.35808240652870993,0.7297297297297298,1.0,0.0,1.0
0.0,1.0,0.0,1.0,0.0,0.10584983633027255,0.40271649758092953,0.29442331203471706,0.7297297297297298,1.0,0.0,1.0
0.0,1.0,1.0,1.0,0.0,0.12967731012547007,0.0,0.2387216043524733,0.7297297297297298,1.0,0.0,1.0
0.0,1.0,0.0,0.0,1.0,0.1107594670366554,0.36590337201175605,0.4137841142109537,0.32432432432432434,0.0,1.0,0.0
1.0,0.0,0.0,1.0,0.0,0.18089061391590408,0.0,0.2838134629523849,0.7297297297297298,0.0,0.5,0.0
0.0,1.0,0.0,1.0,0.0,0.25115688824578714,0.4874821671191705,0.660463105375176,0.7297297297297298,1.0,0.5,0.0
0.0,0.0,0.0,0.0,0.0,0.13737957481163032,0.23912618165105773,0.3103380856582153,0.32432432432432434,0.0,0.0,0.0
0.0,1.0,0.3333333333333333,1.0,0.0,0.4774503255748464,0.0,0.80369606798666,0.7297297297297298,1.0,0.0,1.0
0.0,1.0,1.0,0.0,1.0,0.313045260636338,0.0,0.3076856233876322,0.05405405405405406,1.0,0.0,1.0
1.0,0.0,0.0,1.0,0.0,0.18692630671090685,0.0,0.33686270836404564,0.7297297297297298,0.0,0.5,0.0
0.0,1.0,0.0,1.0,0.0,0.13773991467998872,0.3252710172769046,0.43235135010503495,0.7297297297297298,1.0,0.0,1.0
0.0,1.0,0.6666666666666666,0.0,1.0,0.07769828411477453,0.19891818571239275,0.2334166798113072,0.7297297297297298,1.0,0.5,1.0
0.0,0.0,0.0,1.0,0.0,0.15089231987506938,0.0,0.19097728348197862,0.5945945945945945,1.0,0.5,1.0
0.0,1.0,1.0,1.0,1.0,0.23043734581518058,0.1882031261086852,0.4721382841637805,0.7297297297297298,1.0,0.5,1.0
0.0,0.0,0.0,1.0,0.0,0.1621529407612686,0.0,0.2758560761406358,1.0,1.0,0.0,0.0
0.0,0.0,0.0,1.0,0.0,0.1621529407612686,0.5039260704713949,0.4429611991873671,0.7297297297297298,1.0,0.0,0.0
0.0,1.0,0.3333333333333333,1.0,1.0,0.0382861110130773,0.3206030705188538,0.2678986893288867,0.7297297297297298,1.0,0.0,0.0
0.0,1.0,1.0,1.0,0.0,0.13589317285465205,0.42435879618643785,0.45357104826969924,0.5945945945945945,0.0,0.5,0.0
1.0,0.0,0.0,1.0,0.0,0.1664770191815691,0.0,0.27055115159946974,0.7297297297297298,1.0,0.5,1.0
1.0,1.0,0.6666666666666666,1.0,0.0,0.0553121697930105,0.1995547239066724,0.4190890387521198,0.7297297297297298,1.0,0.0,0.0
0.0,1.0,0.3333333333333333,1.0,0.0,0.17287305184493024,0.0,0.10875095309390449,0.4594594594594595,1.0,0.0,1.0
0.0,0.0,0.0,1.0,0.0,0.09981414353526977,0.26851302828696855,0.33686270836404564,0.7297297297297298,1.0,0.5,1.0
0.0,1.0,0.0,1.0,0.0,0.10584983633027255,0.22469798258071885,0.2519839157053885,0.7297297297297298,1.0,0.5,1.0
0.0,0.0,0.0,1.0,0.0,0.3790775415130101,0.0,0.5331449163871903,0.7297297297297298,1.0,0.0,1.0
0.0,1.0,0.0,1.0,0.0,0.2497605712558984,0.44207577592722164,0.44030873691678407,0.7297297297297298,1.0,0.5,1.0
0.0,1.0,0.0,1.0,0.0,0.1264792937937895,0.30766012723516745,0.32360039701113047,0.7297297297297298,1.0,0.5,1.0
0.0,1.0,0.6666666666666666,1.0,0.0,0.27475914962326065,0.5998311584095299,0.47479074643436353,0.32432432432432434,1.0,0.5,1.0
0.0,1.0,0.6666666666666666,0.0,0.0,0.1406676761104005,0.19308325226482922,0.19097728348197862,0.7297297297297298,1.0,0.0,1.0
0.0,0.0,0.0,1.0,0.0,0.17940421195892578,0.0,0.2997282365758831,0.7297297297297298,1.0,0.5,1.0
0.0,0.0,0.0,0.0,0.0,0.156297417900445,0.0,0.04243939632932858,0.1891891891891892,1.0,0.5,1.0
1.0,1.0,0.0,1.0,0.0,0.10512915659355579,0.244218487205295,0.33951517063462866,0.7297297297297298,1.0,0.5,1.0
0.0,1.0,0.0,1.0,0.0,0.0822926174363438,0.10577142994946964,0.10875095309390449,0.7297297297297298,1.0,0.5,1.0
0.0,1.0,0.0,0.0,0.0,0.1818815485538896,0.0,0.2811610006818019,0.32432432432432434,1.0,0.5,1.0
0.0,1.0,0.0,1.0,0.0,0.07247335602357809,0.3756636243240441,0.32360039701113047,0.7297297297297298,1.0,0.5,1.0
0.0,1.0,0.6666666666666666,0.0,0.0,0.1863857969083693,0.3461706879890867,0.3289053215522965,0.32432432432432434,1.0,0.0,1.0
0.0,0.0,0.0,1.0,0.0,0.21138437527573153,0.4037773945713956,0.3766496424227912,0.7297297297297298,1.0,0.5,1.0
0.0,1.0,0.3333333333333333,1.0,0.0,0.1307132872470004,0.10927239001800775,0.24137406662305633,0.7297297297297298,1.0,0.0,1.0
0.0,1.0,0.6666666666666666,1.0,0.0,0.5074936620992259,0.11945700112648226,0.5729318504459359,0.7297297297297298,1.0,0.0,1.0
0.0,1.0,0.6666666666666666,1.0,0.0,0.16440506493850843,0.3819229165677941,0.5490596900106886,0.7297297297297298,0.0,0.0,0.0
0.0,1.0,1.0,0.0,0.0,0.0865266108895547,0.07999163308114354,0.22545929299955808,1.0,1.0,0.5,1.0
0.0,0.0,0.0,1.0,0.0,0.23268946999242043,0.0,0.33686270836404564,0.7297297297297298,1.0,0.0,1.0
0.0,1.0,0.3333333333333333,1.0,0.0,0.6500981650020525,0.0,0.4668333596226144,0.32432432432432434,1.0,1.0,1.0
1.0,1.0,0.0,1.0,0.0,0.13589317285465205,0.2422027829234094,0.38460702923454027,0.7297297297297298,1.0,0.5,1.0
0.0,1.0,0.0,1.0,0.0,0.24404017584570925,0.22724413535783747,0.44030873691678407,0.7297297297297298,1.0,1.0,0.0
1.0,0.0,0.0,1.0,0.0,0.4620457962025259,0.0,0.6631155676457591,0.7297297297297298,1.0,0.0,1.0
1.0,0.0,0.0,1.0,0.0,0.18089061391590408,0.0,0.09283617947040627,0.7297297297297298,1.0,0.5,1.0
1.0,0.0,0.0,1.0,0.0,0.0894994148035113,0.952685497438553,0.33951517063462866,0.7297297297297298,0.0,0.5,1.0
0.0,1.0,0.6666666666666666,1.0,0.0,0.12643425131024472,0.0,0.19097728348197862,0.7297297297297298,1.0,0.5,1.0
0.0,1.0,0.0,0.0,0.0,0.18692630671090685,0.21366465387987146,0.4907055200578617,0.7297297297297298,1.0,1.0,1.0
0.0,1.0,0.3333333333333333,1.0,1.0,0.46677525697472955,0.40844534132944643,0.4005218028580385,0.32432432432432434,0.0,0.0,0.0
0.0,0.0,0.0,1.0,0.0,0.08395918932750128,0.20464702946090965,0.17241004758789735,0.7297297297297298,1.0,0.0,1.0
0.0,0.0,0.0,1.0,0.0,0.11566909774303825,0.0,0.1618001985055652,0.7297297297297298,1.0,0.5,1.0
0.0,1.0,0.0,1.0,1.0,0.1490455780497327,0.0,0.04243939632932858,0.1891891891891892,1.0,0.5,1.0
0.0,0.0,0.0,1.0,0.0,0.21372658442006096,0.0,0.24667899116422243,0.7297297297297298,1.0,0.5,1.0
0.0,1.0,1.0,1.0,0.0,0.1734135616474678,0.8221951676112234,0.7453418980338332,0.7297297297297298,1.0,0.5,0.0
1.0,1.0,0.0,1.0,0.0,0.19967332955408434,0.0,0.19893467029372774,0.7297297297297298,1.0,1.0,0.0
0.0,1.0,0.6666666666666666,1.0,1.0,0.14260450290282678,0.3713139466631331,0.2095445193760599,0.7297297297297298,1.0,0.0,1.0
0.0,0.0,0.0,1.0,0.0,0.668835838156688,0.0,0.6180237090458475,0.7297297297297298,0.0,0.5,0.0
0.0,1.0,0.6666666666666666,0.0,0.0,0.18242205835642716,0.15170826963665154,0.31829547246996437,0.7297297297297298,1.0,1.0,0.0
0.0,1.0,0.6666666666666666,1.0,0.0,0.2203478295011461,0.2209848431140875,0.4668333596226144,0.7297297297297298,1.0,1.0,0.0
0.0,0.0,0.0,1.0,0.0,0.2372387608304449,0.0,0.4217415010227028,0.7297297297297298,1.0,0.0,1.0
0.0,0.0,0.0,1.0,1.0,0.30628888810461846,0.0,0.44030873691678407,0.32432432432432434,1.0,0.5,1.0
0.0,1.0,0.0,1.0,0.0,0.11476824807214231,0.21578644786080364,0.2997282365758831,0.7297297297297298,1.0,0.5,1.0
0.0,1.0,0.6666666666666666,1.0,0.0,0.5228081065044567,0.0,0.4721382841637805,0.32432432432432434,1.0,0.0,1.0
1.0,1.0,0.0,1.0,0.0,0.09819261412765708,0.47591838992309005,0.24137406662305633,0.7297297297297298,1.0,0.5,1.0
1.0,1.0,0.6666666666666666,1.0,0.0,0.66284518784523,0.0,0.1618001985055652,0.7297297297297298,1.0,0.0,1.0
0.0,1.0,0.3333333333333333,1.0,0.0,0.06251896716017799,0.15117782114141848,0.055701707682243765,0.7297297297297298,1.0,0.0,1.0
1.0,0.0,0.0,1.0,0.0,0.4436684629162488,0.17674543861165137,0.5729318504459359,0.7297297297297298,1.0,1.0,0.0
0.0,1.0,0.0,1.0,0.0,0.21215009749599306,0.08805445020868585,0.3076856233876322,0.7297297297297298,1.0,0.5,1.0
0.0,0.0,0.0,1.0,0.0,0.2759752966789702,0.0,0.289118387493551,0.7297297297297298,0.0,1.0,0.0
0.0,1.0,0.0,1.0,1.0,0.1093181075632219,0.3978363714247855,0.3793021046933742,0.7297297297297298,1.0,1.0,1.0
0.0,0.0,0.0,1.0,0.0,0.4061030316398882,0.0,0.6233286335870135,0.7297297297297298,1.0,0.0,0.0
0.0,1.0,0.6666666666666666,0.0,0.0,0.09598553243396203,0.0,0.2758560761406358,0.7297297297297298,1.0,1.0,0.0
0.0,0.0,0.0,1.0,0.0,0.13981186892304936,0.0,0.10875095309390449,0.7297297297297298,1.0,0.0,1.0
0.0,1.0,1.0,1.0,0.0,0.9999999999999999,0.0,1.0,0.32432432432432434,0.0,0.5,1.0
0.0,1.0,0.3333333333333333,1.0,0.0,0.42285883551855263,0.0,0.4721382841637805,0.7297297297297298,1.0,0.0,1.0
0.0,1.0,0.0,1.0,0.0,0.19967332955408434,0.5967545571371783,0.652505718563427,0.7297297297297298,1.0,0.5,1.0
0.0,1.0,0.0,0.0,0.0,0.07715777431223696,0.11043937670752045,0.23606914208189023,0.7297297297297298,1.0,0.5,1.0
0.0,1.0,0.0,1.0,0.0,0.35056564942915375,0.0,0.7055549639750877,0.7297297297297298,1.0,0.0,0.0
0.0,1.0,0.3333333333333333,1.0,0.0,0.1323798591381579,0.1357948147796601,0.2970757743053001,0.7297297297297298,0.0,0.5,0.0
0.0,1.0,0.6666666666666666,1.0,0.0,0.18093565639944886,0.1535117945204439,0.39521687831687247,0.7297297297297298,1.0,1.0,1.0
0.0,1.0,0.0,1.0,0.0,0.41317470155642133,0.0,0.17506250985848043,0.32432432432432434,1.0,0.0,1.0
1.0,1.0,0.0,1.0,0.0,0.19967332955408434,0.0,0.27320361387005276,0.7297297297297298,1.0,1.0,0.0
0.0,1.0,0.0,1.0,0.0,0.10310224483403993,0.3535969669223493,0.31829547246996437,0.7297297297297298,1.0,1.0,1.0
0.0,0.0,0.0,1.0,0.0,0.09400366315799098,0.0,0.143232962611484,1.0,0.0,0.5,0.0
0.0,1.0,0.6666666666666666,1.0,0.0,0.3535834958266551,0.0,0.50662029368136,0.7297297297297298,1.0,0.5,1.0
0.0,1.0,1.0,0.0,0.0,0.15188325451305493,0.0,0.19097728348197862,0.32432432432432434,1.0,1.0,0.0
0.0,1.0,0.0,1.0,0.0,0.25034612354198077,0.5967545571371783,0.4721382841637805,0.7297297297297298,1.0,0.5,1.0
0.0,1.0,0.0,0.0,1.0,0.1889081759868779,0.07808201849830457,0.20689205710547687,0.7297297297297298,1.0,0.5,0.0
0.0,1.0,0.0,1.0,0.0,0.150757192424435,0.208360168927541,0.2838134629523849,0.7297297297297298,1.0,1.0,1.0
0.0,1.0,0.6666666666666666,1.0,0.0,0.08535550631738999,0.17175922275646072,0.24402652889363935,0.7297297297297298,1.0,1.0,1.0
0.0,1.0,1.0,1.0,0.0,0.2416979667013798,0.9999999999999999,1.0,0.7297297297297298,0.0,0.5,0.0
0.0,1.0,0.3333333333333333,1.0,0.0,0.1621529407612686,0.0,0.2838134629523849,0.7297297297297298,1.0,0.5,1.0
0.0,0.0,0.0,0.0,0.0,0.09832774157829147,0.15393615331663033,0.24667899116422243,1.0,0.0,0.0,0.0
0.0,1.0,0.3333333333333333,1.0,0.0,0.28151552215498016,0.7691503180879186,0.45357104826969924,0.7297297297297298,0.0,0.0,0.0
0.0,1.0,0.0,1.0,0.0,0.2004390517743459,0.0,0.16975758531731433,0.32432432432432434,1.0,0.5,1.0
0.0,1.0,0.3333333333333333,1.0,0.0,0.9999999999999999,0.0,0.6657680299163421,0.7297297297297298,1.0,0.5,0.0
1.0,1.0,0.0,1.0,0.0,0.156522630318169,0.0,0.2625937647877206,0.7297297297297298,1.0,0.5,1.0
0.0,1.0,0.0,1.0,1.0,0.9999999999999999,0.5039260704713949,0.29442331203471706,0.7297297297297298,1.0,0.5,1.0
0.0,1.0,0.3333333333333333,1.0,1.0,0.09134615662884796,0.0,0.15119034942323306,0.5945945945945945,0.0,1.0,0.0
0.0,1.0,0.0,1.0,0.0,0.41339991397414527,0.0,0.47479074643436353,0.32432432432432434,1.0,1.0,1.0
0.0,0.0,0.0,0.0,0.0,0.213276159584613,0.0,0.10344602855273842,0.7297297297297298,1.0,1.0,1.0
0.0,0.0,0.0,1.0,0.0,0.5337534300058424,0.0,0.41113165194037066,0.7297297297297298,1.0,0.5,0.0
0.0,1.0,0.0,0.0,0.0,0.2649849306940397,0.0,0.4005218028580385,0.7297297297297298,1.0,0.0,0.0
0.0,0.0,0.0,1.0,0.0,0.16701752898410666,0.0,0.17771497212906345,0.7297297297297298,1.0,0.5,1.0
0.0,0.0,0.0,1.0,0.0,0.18201667600452398,0.0,0.29442331203471706,0.7297297297297298,1.0,1.0,1.0
0.0,1.0,0.3333333333333333,1.0,0.0,0.13400138854577057,0.27402969263739224,0.42704642556386885,0.7297297297297298,1.0,0.5,0.0
0.0,0.0,0.0,1.0,0.0,0.36858264284707243,0.3978363714247855,0.4721382841637805,0.7297297297297298,1.0,1.0,1.0
0.0,0.0,0.0,1.0,1.0,0.48871094646104557,0.0,0.19628220802314472,0.7297297297297298,1.0,0.0,0.0
0.0,1.0,0.3333333333333333,0.0,0.0,0.11035408468475223,0.26522424761652363,0.21484944391722594,0.7297297297297298,1.0,0.5,1.0
0.0,0.0,0.6666666666666666,1.0,0.0,0.21498777395931526,0.0,0.41643657648153676,0.7297297297297298,0.0,0.5,1.0
0.0,1.0,0.3333333333333333,0.0,0.0,0.15089231987506938,0.11489514406747806,0.3342102460934626,0.7297297297297298,1.0,0.0,1.0
0.0,1.0,0.6666666666666666,0.0,0.0,0.16967503551324967,0.0,0.3050331611170492,0.7297297297297298,1.0,0.5,1.0
1.0,0.0,0.0,0.0,0.0,0.1917908949337449,0.0,0.29442331203471706,0.7297297297297298,1.0,0.5,1.0
1.0,0.0,0.0,1.0,0.0,0.1393614440876014,0.0,0.1883248212113956,0.7297297297297298,1.0,0.0,1.0
0.0,0.0,0.0,0.0,0.0,0.17228749955884787,0.26851302828696855,0.12201326444681969,0.7297297297297298,1.0,1.0,1.0
0.0,0.0,0.0,1.0,0.0,0.1049039441758318,0.0,0.13262311352915185,0.7297297297297298,1.0,0.0,1.0
0.0,0.0,0.0,1.0,0.0,0.14719883622439606,0.0,0.3129905479287983,0.7297297297297298,1.0,0.5,0.0
1.0,0.0,0.0,1.0,0.0,0.4436684629162488,0.0,0.5437547654695225,0.7297297297297298,1.0,0.5,0.0
0.0,1.0,1.0,1.0,0.0,0.14773934602693362,0.13261212380826182,0.31564301019938135,0.7297297297297298,0.0,0.5,0.0
0.0,1.0,0.3333333333333333,1.0,1.0,0.34398944683161337,0.0,0.6127187845046814,0.7297297297297298,1.0,0.0,1.0
0.0,1.0,1.0,0.0,1.0,0.2501209111242568,0.0,0.3209479347405474,0.7297297297297298,1.0,1.0,1.0
0.0,1.0,0.0,1.0,0.0,0.13616342775592083,0.3204969808198072,0.33951517063462866,0.7297297297297298,1.0,0.0,1.0
0.0,1.0,1.0,0.0,0.0,0.16665718911574828,0.1042861741628171,0.24137406662305633,0.7297297297297298,1.0,0.5,1.0
0.0,1.0,0.0,1.0,0.0,0.0,0.19096145828389705,0.3342102460934626,0.7297297297297298,1.0,1.0,0.0
0.0,1.0,0.0,1.0,0.0,0.16111696363973826,0.1883092158077318,0.32360039701113047,0.7297297297297298,1.0,0.5,1.0
0.0,1.0,0.0,1.0,0.0,0.09328298342127422,0.0,0.13527557579973487,0.7297297297297298,0.0,0.0,0.0
0.0,1.0,0.6666666666666666,1.0,0.0,0.17381894399937098,0.18215601326302844,0.2838134629523849,0.7297297297297298,1.0,0.5,1.0
0.0,0.0,0.0,1.0,0.0,0.12706484607987187,0.296096350039087,0.35808240652870993,0.7297297297297298,1.0,0.5,1.0
0.0,1.0,0.0,1.0,0.0,0.27475914962326065,0.0,0.31564301019938135,0.7297297297297298,1.0,0.5,1.0
0.0,1.0,0.0,1.0,0.0,0.13963169898887018,0.0,0.42704642556386885,0.7297297297297298,1.0,1.0,0.0
0.0,1.0,0.6666666666666666,1.0,0.0,0.27475914962326065,0.17982203988400305,0.5331449163871903,0.7297297297297298,1.0,0.5,1.0
0.0,0.0,0.0,1.0,1.0,0.28151552215498016,0.0,0.50662029368136,0.7297297297297298,1.0,1.0,1.0
0.0,1.0,0.3333333333333333,1.0,0.0,0.10544445397836937,0.21790824184173585,0.2519839157053885,0.7297297297297298,1.0,0.5,1.0
1.0,0.0,0.0,1.0,0.0,0.36858264284707243,0.0,0.7188172753280029,0.7297297297297298,1.0,0.5,1.0
0.0,1.0,0.3333333333333333,1.0,0.0,0.1353526630521145,0.18873357460391824,0.3474725574463778,0.7297297297297298,1.0,0.5,1.0
0.0,1.0,0.3333333333333333,1.0,0.0,0.24097728696466303,0.13367302079872792,0.42704642556386885,0.7297297297297298,1.0,1.0,1.0
1.0,0.0,0.3333333333333333,1.0,0.0,0.16494557474104599,0.0,0.27320361387005276,0.7297297297297298,1.0,1.0,1.0
0.0,1.0,0.3333333333333333,1.0,0.0,0.14255946041928197,0.0,0.23076421754072418,0.7297297297297298,1.0,0.5,1.0
0.0,1.0,0.6666666666666666,1.0,0.0,0.25534583921545323,0.5304484952330473,0.29442331203471706,0.7297297297297298,1.0,1.0,1.0
0.0,1.0,0.3333333333333333,0.0,0.0,0.10630026116572051,0.21037587320942658,0.3474725574463778,0.32432432432432434,1.0,0.0,0.0
0.0,0.0,0.0,1.0,0.0,0.1267945911786031,0.6048173742647206,0.38725949150512334,0.05405405405405406,1.0,0.0,1.0
0.0,1.0,0.6666666666666666,1.0,1.0,0.27475914962326065,0.1379166087605923,0.2625937647877206,0.7297297297297298,1.0,1.0,1.0
0.0,1.0,0.0,0.0,0.0,0.14665832642185847,0.468598200688874,0.3023806988464662,0.7297297297297298,1.0,0.5,1.0
0.0,0.0,0.0,1.0,1.0,0.2657506529143013,0.4596866659689588,0.29442331203471706,0.32432432432432434,1.0,0.0,0.0
0.0,1.0,0.6666666666666666,1.0,0.0,0.4302908453034441,0.0,0.27320361387005276,0.7297297297297298,1.0,0.0,1.0
0.0,1.0,0.3333333333333333,0.0,0.0,0.2908843587322979,0.0,0.33951517063462866,0.32432432432432434,1.0,0.0,1.0
0.0,1.0,0.3333333333333333,1.0,0.0,0.12305606504438492,0.19552331534290124,0.3023806988464662,1.0,1.0,0.5,1.0
0.0,1.0,0.0,1.0,0.0,0.07472548020081793,0.19817555781906648,0.21484944391722594,0.7297297297297298,1.0,0.0,1.0
0.0,1.0,0.0,0.0,0.0,0.06837449002100159,0.4126889292913108,0.509272755951943,0.7297297297297298,0.0,0.5,0.0
1.0,0.0,0.6666666666666666,1.0,0.0,0.1476042185762992,0.0,0.3421676329052117,0.7297297297297298,1.0,0.0,0.0
0.0,0.0,0.0,0.0,1.0,0.10958836246449068,0.2298963778340027,0.2519839157053885,0.7297297297297298,1.0,1.0,1.0
0.0,1.0,0.3333333333333333,0.0,0.0,0.11310167618098484,0.7533429529299738,0.7161648130574199,0.32432432432432434,1.0,0.5,1.0
0.0,0.0,0.0,1.0,1.0,0.7251839850712288,0.0,0.4854005955166957,0.7297297297297298,0.0,0.0,0.0
1.0,0.0,1.0,1.0,0.0,0.1321096042368891,0.0,0.652505718563427,0.7297297297297298,1.0,1.0,1.0
0.0,0.0,0.0,0.0,0.0,0.26552544049657734,0.0,0.2811610006818019,0.7297297297297298,0.0,1.0,0.0
0.0,1.0,1.0,1.0,0.0,0.22971666607846383,0.0,0.22545929299955808,0.7297297297297298,1.0,0.0,0.0
0.0,1.0,0.0,1.0,0.0,0.6546024133565322,0.22278836799787988,0.7824763698219958,0.7297297297297298,1.0,1.0,0.0
0.0,0.0,0.0,1.0,0.0,0.08603114357056194,0.2343521451939603,0.3315577838228796,0.7297297297297298,1.0,0.5,1.0
1.0,0.0,0.3333333333333333,1.0,0.0,0.15003651268771825,0.0,0.38725949150512334,0.0,1.0,0.5,0.0
1.0,0.0,0.0,1.0,0.0,0.31754950899081763,0.0,0.29442331203471706,0.7297297297297298,1.0,1.0,1.0
0.0,0.0,0.0,1.0,1.0,0.2259330974607009,0.0,0.31564301019938135,0.7297297297297298,1.0,0.5,1.0
0.0,0.0,0.0,1.0,0.0,0.17769259758422348,0.36569119261366284,0.3766496424227912,0.7297297297297298,1.0,1.0,1.0
0.0,1.0,0.6666666666666666,1.0,0.0,0.20530363999718396,0.14714641257764732,0.3739971801522082,0.7297297297297298,1.0,0.5,1.0
0.0,1.0,1.0,1.0,0.0,0.18841270866788515,0.19212844497340975,0.4005218028580385,0.7297297297297298,0.0,0.0,1.0
1.0,0.0,0.3333333333333333,1.0,0.0,0.12278581014311614,0.16549993051271075,0.21484944391722594,0.7297297297297298,1.0,0.0,1.0
1.0,0.0,0.0,1.0,0.0,0.1390461467027878,0.0,0.055701707682243765,0.7297297297297298,1.0,0.0,1.0
0.0,1.0,0.0,1.0,0.0,0.4952871490585859,0.0,0.33686270836404564,0.7297297297297298,1.0,0.0,1.0
0.0,0.0,0.0,1.0,0.0,0.12084898335068987,0.19700857112955378,0.3103380856582153,0.7297297297297298,1.0,1.0,1.0
0.0,1.0,0.0,1.0,0.0,0.11125493435564816,0.23583740098061284,0.3739971801522082,0.7297297297297298,1.0,0.5,1.0
0.0,1.0,0.6666666666666666,1.0,0.0,0.1689093132929881,0.0,0.21484944391722594,0.7297297297297298,1.0,0.5,1.0
0.0,1.0,0.3333333333333333,1.0,0.0,0.11711045721647174,0.19541722564385464,0.2811610006818019,0.7297297297297298,1.0,0.5,1.0
0.0,1.0,0.0,1.0,0.0,0.17309826426265423,0.3473376746785994,0.5251875295754412,0.7297297297297298,1.0,0.5,1.0
0.0,1.0,0.0,1.0,0.0,0.13301045390778504,0.1379166087605923,0.1883248212113956,0.7297297297297298,1.0,0.0,1.0
0.0,1.0,0.0,1.0,0.0,0.6500981650020525,0.0,1.0,0.7297297297297298,1.0,0.5,1.0
0.0,0.0,0.3333333333333333,0.0,1.0,0.17580081327534203,0.2573736098870746,0.39521687831687247,0.7297297297297298,0.0,0.0,0.0
0.0,1.0,0.0,1.0,0.0,0.17012546034869763,0.08487175923728757,0.27320361387005276,0.7297297297297298,1.0,0.5,1.0
0.0,1.0,0.6666666666666666,1.0,0.0,0.09688638210485798,0.10458322402585328,0.1830198966702295,0.32432432432432434,1.0,0.0,1.0
1.0,0.0,0.0,1.0,0.0,0.07481556516790752,0.17674543861165137,0.11936080217623664,0.7297297297297298,1.0,0.0,1.0
0.0,0.0,0.0,1.0,0.0,0.13548779050274887,0.3238918511892987,0.2121969816466429,0.7297297297297298,1.0,1.0,1.0
1.0,0.0,0.0,1.0,1.0,0.11035408468475223,0.18215601326302844,0.2387216043524733,0.5945945945945945,1.0,0.5,0.0
0.0,1.0,0.0,1.0,0.0,0.16008098651820793,0.21217939809321892,0.29442331203471706,0.7297297297297298,1.0,1.0,1.0
1.0,0.0,0.0,1.0,0.0,0.1789988296070226,0.0,0.2811610006818019,0.7297297297297298,1.0,0.5,1.0
0.0,0.0,0.0,1.0,0.0,0.4215075610122087,0.0,0.4721382841637805,0.7297297297297298,1.0,1.0,1.0
0.0,1.0,0.0,1.0,0.0,0.13174926436853074,0.25631271289660845,0.34482009517579476,0.7297297297297298,1.0,1.0,1.0
0.0,1.0,0.6666666666666666,1.0,0.0,0.19143055506538653,0.0,0.3129905479287983,0.7297297297297298,0.0,0.5,0.0
0.0,1.0,0.6666666666666666,1.0,0.0,0.1352625780850249,0.16549993051271075,0.3315577838228796,0.7297297297297298,1.0,0.0,1.0
0.0,1.0,0.0,1.0,0.0,0.10057986575553131,0.35370305662139595,0.43235135010503495,0.7297297297297298,1.0,0.5,1.0
0.0,1.0,0.3333333333333333,1.0,0.0,0.3029107018387587,0.0,0.50662029368136,0.7297297297297298,1.0,0.5,1.0
1.0,1.0,0.3333333333333333,1.0,0.0,0.20341185568830247,0.0,0.3342102460934626,0.7297297297297298,1.0,0.0,1.0
1.0,0.0,0.0,1.0,0.0,0.21845604519226464,0.2695739252774346,0.3766496424227912,1.0,1.0,1.0,0.0
0.0,1.0,0.3333333333333333,1.0,0.0,0.08395918932750128,0.3103123697113327,0.2758560761406358,0.7297297297297298,1.0,0.0,0.0
0.0,1.0,0.0,0.0,0.0,0.07432009784891476,0.3112671770027522,0.22280683072897506,0.7297297297297298,0.0,0.0,0.0
1.0,0.0,0.0,1.0,0.0,0.21845604519226464,0.0,0.3262528592817135,0.7297297297297298,1.0,1.0,1.0
0.0,1.0,0.3333333333333333,1.0,0.0,0.06643766322857532,0.19127972738103685,0.23076421754072418,0.7297297297297298,1.0,0.0,1.0
0.0,0.0,0.0,1.0,0.0,0.1734135616474678,0.26522424761652363,0.3474725574463778,0.7297297297297298,1.0,1.0,1.0
1.0,0.0,0.0,1.0,0.0,0.16269345056380616,0.17674543861165137,0.3342102460934626,0.7297297297297298,1.0,1.0,1.0
1.0,0.0,0.0,1.0,0.0,0.10134558797579286,0.19764510932383342,0.2519839157053885,0.7297297297297298,0.0,0.0,0.0
0.0,0.0,0.0,1.0,0.0,0.9045881970301547,0.0,1.0,0.7297297297297298,1.0,1.0,0.0
1.0,0.0,0.0,1.0,0.0,0.12463255196845281,0.0,0.19893467029372774,0.7297297297297298,1.0,0.5,1.0
0.0,0.0,0.0,0.0,0.0,0.1250829768039008,0.25514572620709575,0.27055115159946974,0.7297297297297298,1.0,0.5,1.0
1.0,0.0,0.0,1.0,0.0,0.10616513371508612,0.0,0.12466572671740271,0.7297297297297298,1.0,1.0,1.0
0.0,1.0,0.3333333333333333,0.0,0.0,0.1463430290370449,0.17398710643643953,0.27055115159946974,0.32432432432432434,1.0,0.0,1.0
0.0,1.0,0.6666666666666666,1.0,0.0,0.1606665388042903,0.0,0.29442331203471706,0.7297297297297298,1.0,0.5,1.0
0.0,1.0,0.3333333333333333,1.0,1.0,0.4436684629162488,0.0,0.38725949150512334,0.7297297297297298,1.0,1.0,0.0
0.0,1.0,0.0,1.0,0.0,0.10134558797579286,0.2298963778340027,0.2811610006818019,0.7297297297297298,1.0,0.5,1.0
0.0,1.0,1.0,1.0,0.0,0.1888180910197883,0.02005095311980919,0.3050331611170492,0.7297297297297298,1.0,0.5,1.0
0.0,1.0,1.0,1.0,0.0,0.6688808806402329,0.0,0.7718665207396637,0.7297297297297298,1.0,1.0,1.0
0.0,1.0,0.3333333333333333,1.0,1.0,0.3835817898674898,0.528644970349255,0.9734536533039744,0.7297297297297298,0.0,1.0,0.0
0.0,0.0,0.0,1.0,0.0,0.21471751905804648,0.0,0.3209479347405474,0.7297297297297298,0.0,1.0,1.0
0.0,1.0,0.0,1.0,1.0,0.2553007967319084,0.22915374994067644,0.4641808973520314,0.7297297297297298,1.0,0.5,1.0
1.0,1.0,0.0,1.0,0.0,0.18841270866788515,0.2600258523632398,0.2678986893288867,0.7297297297297298,1.0,0.0,0.0
1.0,0.0,0.0,1.0,0.0,0.10584983633027255,0.0,0.15384281169381614,0.7297297297297298,1.0,0.0,1.0
0.0,0.0,0.3333333333333333,1.0,0.0,0.1907098753286698,0.19021883039057078,0.28646592522296793,0.7297297297297298,1.0,0.0,1.0
0.0,0.0,0.0,1.0,0.0,0.12544331667225916,0.0,0.23606914208189023,0.7297297297297298,1.0,0.5,1.0
0.0,1.0,0.6666666666666666,1.0,1.0,0.10584983633027255,0.4880126156144035,0.4429611991873671,0.7297297297297298,1.0,1.0,1.0
1.0,0.0,0.0,1.0,0.0,0.1806203590146353,0.0,0.16445266077614829,0.7297297297297298,1.0,0.5,1.0
0.0,1.0,1.0,0.0,0.0,0.11247108141135767,0.16836435238696923,0.43500381237561797,0.7297297297297298,1.0,1.0,0.0
1.0,0.0,0.0,1.0,0.0,0.10035465333780733,0.0,0.09814110401157235,0.7297297297297298,1.0,1.0,0.0
0.0,1.0,0.3333333333333333,0.0,0.0,0.19836709753128523,0.13038424012828304,0.39521687831687247,0.7297297297297298,1.0,0.0,1.0
0.0,1.0,1.0,0.0,0.0,0.13616342775592083,0.0,0.17241004758789735,0.7297297297297298,1.0,0.5,1.0
0.0,1.0,0.0,1.0,0.0,0.10580479384672775,0.26076848025656607,0.4005218028580385,0.7297297297297298,1.0,0.5,1.0
0.0,1.0,0.6666666666666666,0.0,0.0,0.1321096042368891,0.23000246753304932,0.3103380856582153,0.7297297297297298,1.0,0.0,1.0
0.0,1.0,0.0,1.0,0.0,0.11148014677337215,0.6630606190413092,0.4721382841637805,0.7297297297297298,1.0,1.0,1.0
0.0,1.0,0.0,1.0,0.0,0.40236450550567004,0.0,0.5808892372576849,0.7297297297297298,1.0,0.5,1.0
0.0,0.0,0.0,1.0,0.0,0.3873653584852527,0.44207577592722164,0.7930862189043278,0.7297297297297298,1.0,1.0,0.0
0.0,1.0,1.0,1.0,0.0,0.11332688859870882,0.2209848431140875,0.22811175527014116,0.7297297297297298,1.0,1.0,1.0
1.0,1.0,0.0,1.0,1.0,0.24097728696466303,0.0,0.2546363779759715,0.7297297297297298,0.0,1.0,0.0
1.0,1.0,0.0,1.0,0.0,0.10238156509732318,0.05357529801853778,0.3209479347405474,0.7297297297297298,1.0,0.5,1.0
0.0,1.0,0.6666666666666666,1.0,0.0,0.36858264284707243,0.33598607688061216,0.4137841142109537,0.7297297297297298,1.0,1.0,1.0
0.0,1.0,0.3333333333333333,1.0,0.0,0.16778325120436818,0.0,0.15384281169381614,0.7297297297297298,1.0,0.0,0.0
0.0,1.0,0.0,0.0,0.0,0.12837107810267098,0.17674543861165137,0.24137406662305633,1.0,0.0,0.0,0.0
0.0,1.0,1.0,1.0,0.0,0.2259781399442457,0.33598607688061216,0.50662029368136,0.7297297297297298,1.0,0.5,1.0
1.0,0.0,0.3333333333333333,1.0,0.0,0.2059792772503559,0.0,0.19097728348197862,0.7297297297297298,1.0,0.5,0.0
0.0,1.0,0.6666666666666666,1.0,0.0,0.21845604519226464,0.3890309264039169,0.6021089354223493,0.7297297297297298,1.0,0.5,1.0
0.0,1.0,0.0,1.0,0.0,0.2071954243060654,0.24750726787573987,0.3209479347405474,0.7297297297297298,1.0,0.0,1.0
0.0,0.0,0.0,1.0,1.0,0.30052345021088445,0.0,0.3501250197169608,0.7297297297297298,1.0,1.0,1.0
0.0,0.0,0.0,0.0,0.0,0.2732277051827376,0.0,0.3289053215522965,0.7297297297297298,1.0,1.0,0.0
0.0,0.0,0.0,1.0,0.0,0.10584983633027255,0.0,0.23076421754072418,1.0,1.0,0.5,0.0
0.0,1.0,0.3333333333333333,1.0,0.0,0.27813733588912043,0.0,0.44030873691678407,0.7297297297297298,1.0,0.5,1.0
0.0,1.0,0.0,1.0,0.0,0.8819318278071219,0.5586683551794455,1.0,0.7297297297297298,1.0,1.0,0.0
1.0,0.0,0.0,1.0,1.0,0.7030681256507336,0.0,0.12201326444681969,0.7297297297297298,1.0,0.5,1.0
0.0,1.0,0.6666666666666666,1.0,0.0,0.22678890464805204,0.0,0.38725949150512334,0.7297297297297298,1.0,0.5,1.0
0.0,1.0,0.6666666666666666,1.0,1.0,0.41317470155642133,0.8352442005939563,0.9840635023863066,0.5945945945945945,1.0,1.0,1.0
0.0,0.0,0.3333333333333333,1.0,0.0,0.13116371208244837,0.21080023200561301,0.27055115159946974,0.32432432432432434,0.0,0.0,0.0
0.0,1.0,0.0,1.0,0.0,0.2102132707035668,0.09792079222002054,0.29442331203471706,0.32432432432432434,1.0,0.0,1.0
0.0,1.0,1.0,1.0,0.0,0.3873653584852527,0.5300241364368609,0.3209479347405474,0.7297297297297298,1.0,1.0,1.0
0.0,0.0,0.0,1.0,0.0,0.13147900946726196,0.0,0.16445266077614829,1.0,1.0,0.0,0.0
0.0,1.0,0.6666666666666666,1.0,0.0,0.2360676562582802,0.0,0.3209479347405474,0.7297297297297298,1.0,0.0,1.0
0.0,0.0,0.0,1.0,0.0,0.26084102220791844,0.44897160636525124,0.7612566716573315,0.7297297297297298,1.0,0.5,1.0
1.0,0.0,0.0,1.0,0.0,0.2634985287370615,0.0,0.38991195377570637,0.7297297297297298,1.0,0.0,1.0
0.0,0.0,0.0,1.0,1.0,0.31606310703383933,0.0,0.31564301019938135,0.7297297297297298,1.0,0.0,1.0
0.0,1.0,0.6666666666666666,1.0,0.0,0.1989076073338228,0.0,0.24137406662305633,0.7297297297297298,1.0,0.0,0.0
0.0,0.0,0.0,0.0,0.0,0.09891329386437384,0.16974351847457514,0.3262528592817135,0.7297297297297298,1.0,0.5,1.0
0.0,1.0,0.0,1.0,0.0,0.09832774157829147,0.2564188025956551,0.33686270836404564,0.7297297297297298,1.0,0.0,1.0
0.0,1.0,0.0,1.0,0.0,0.24043677716212547,0.0,0.3076856233876322,0.7297297297297298,1.0,1.0,1.0
0.0,0.0,1.0,1.0,0.0,0.406148074123433,0.0,0.4668333596226144,0.7297297297297298,1.0,1.0,1.0
0.0,1.0,1.0,1.0,0.0,0.4213273910780295,0.0,0.7055549639750877,0.7297297297297298,1.0,1.0,1.0
0.0,1.0,0.6666666666666666,0.0,0.0,0.08301329717306055,0.17239576095074038,0.2758560761406358,0.32432432432432434,1.0,0.5,1.0
0.0,1.0,0.6666666666666666,1.0,0.0,0.13287532645715067,0.14852557866525326,0.2758560761406358,0.7297297297297298,1.0,0.0,1.0
1.0,0.0,0.0,1.0,0.0,0.1364787251407344,0.0,0.16445266077614829,0.7297297297297298,0.0,0.0,0.0
0.0,1.0,0.0,1.0,0.0,0.12985748005964926,0.1547848709090032,0.22811175527014116,0.7297297297297298,1.0,0.0,1.0
0.0,0.0,0.0,0.0,0.0,0.1689993982600777,0.17674543861165137,0.26524622705830364,0.7297297297297298,1.0,1.0,1.0
1.0,0.0,0.0,1.0,0.0,0.06080735278547572,0.19096145828389705,0.24933145343480545,0.7297297297297298,0.0,0.5,0.0
0.0,1.0,0.6666666666666666,0.0,0.0,0.12337136242919851,0.0,0.09548864174098931,0.32432432432432434,0.0,0.0,0.0
0.0,0.0,0.0,0.0,0.0,0.11733566963419573,0.0,0.14853788715265004,0.5945945945945945,1.0,1.0,0.0
0.0,0.0,0.0,1.0,0.0,0.10584983633027255,0.9999999999999999,0.24933145343480545,0.7297297297297298,1.0,0.5,1.0
1.0,0.0,0.0,0.0,0.0,0.08166202266671664,0.0,0.11670833990565359,0.7297297297297298,1.0,0.5,1.0
1.0,0.0,0.0,1.0,1.0,0.32840474752511367,0.0,0.4907055200578617,0.7297297297297298,1.0,1.0,0.0
1.0,0.0,0.0,1.0,0.0,0.19805180014647167,0.0,0.2811610006818019,0.7297297297297298,1.0,0.5,1.0
0.0,1.0,0.0,0.0,0.0,0.0908506893098552,0.2546152777118627,0.2811610006818019,0.7297297297297298,1.0,0.0,1.0
1.0,0.0,0.0,0.0,0.0,0.09292264355291585,0.0,0.15119034942323306,0.7297297297297298,1.0,1.0,1.0
0.0,1.0,0.3333333333333333,1.0,0.0,0.3670962408900942,0.0,0.3793021046933742,0.5945945945945945,0.0,0.5,0.0
0.0,1.0,1.0,1.0,0.0,0.9999999999999999,0.0,0.9310142569746458,0.7297297297297298,0.0,1.0,0.0
1.0,0.0,0.3333333333333333,0.0,1.0,0.1674229113360098,0.0,0.14058050034090092,0.7297297297297298,1.0,0.5,0.0
0.0,1.0,0.0,0.0,0.0,0.26782260715736195,0.0,0.5543646145518546,0.7297297297297298,0.0,1.0,0.0
0.0,1.0,0.0,0.0,0.0,0.09472434289470773,0.21568035816175704,0.2678986893288867,0.7297297297297298,1.0,1.0,1.0
1.0,1.0,0.0,0.0,0.0,0.09003992460604886,0.34341235581387486,0.44826612372853314,0.7297297297297298,0.0,0.5,0.0
1.0,0.0,0.0,1.0,0.0,0.12814586568494699,0.0,0.13527557579973487,0.7297297297297298,1.0,0.0,1.0
1.0,0.0,0.3333333333333333,1.0,0.0,0.11035408468475223,0.0,0.4005218028580385,0.7297297297297298,1.0,0.0,0.0
0.0,1.0,0.6666666666666666,1.0,1.0,0.06531160113995539,0.9999999999999999,0.6100663222340984,0.7297297297297298,1.0,0.0,0.0
0.0,1.0,0.0,1.0,0.0,0.03941217310169722,0.294186735456248,0.27320361387005276,0.7297297297297298,1.0,1.0,1.0
0.0,1.0,0.0,1.0,0.0,0.139451529054691,0.1503291035490456,0.3421676329052117,0.7297297297297298,1.0,0.5,1.0
0.0,1.0,0.0,1.0,0.0,0.2557962640509012,0.0,0.3421676329052117,0.7297297297297298,1.0,1.0,1.0
0.0,1.0,0.0,1.0,0.0,0.0752209475198107,0.18236819266112167,0.24137406662305633,0.7297297297297298,1.0,0.0,1.0
0.0,1.0,0.0,1.0,0.0,0.6634757826148572,0.0,0.23076421754072418,0.7297297297297298,1.0,0.5,1.0
0.0,1.0,0.0,1.0,0.0,0.11332688859870882,0.4561857059004207,0.2970757743053001,0.7297297297297298,1.0,1.0,1.0
1.0,0.0,0.3333333333333333,0.0,0.0,0.20070930667561468,0.0,0.19097728348197862,0.7297297297297298,1.0,1.0,0.0
0.0,1.0,0.6666666666666666,1.0,0.0,0.2605707673066497,0.0,0.3289053215522965,0.7297297297297298,1.0,0.5,1.0
0.0,1.0,0.0,1.0,0.0,0.12476767941908722,0.0017101660377466918,0.20689205710547687,0.7297297297297298,1.0,1.0,1.0
0.0,0.0,0.0,0.0,0.0,0.11562405525949346,0.0,0.13527557579973487,0.32432432432432434,1.0,0.0,1.0
1.0,0.0,0.3333333333333333,1.0,1.0,0.3816900055586083,0.0,0.3739971801522082,0.7297297297297298,1.0,0.5,1.0
0.0,0.0,0.0,1.0,0.0,0.28601977050945987,0.0,0.2546363779759715,0.7297297297297298,0.0,1.0,0.0
0.0,1.0,0.0,1.0,0.0,0.10247165006441278,0.24824989576906614,0.3554299442581269,0.7297297297297298,1.0,0.5,1.0
0.0,0.0,0.0,1.0,0.0,0.1621529407612686,0.0,0.24137406662305633,0.7297297297297298,1.0,0.0,1.0
0.0,0.0,0.0,1.0,0.0,0.07999545077555917,0.1963720329352741,0.10875095309390449,0.7297297297297298,1.0,0.5,1.0
0.0,0.0,0.0,1.0,1.0,0.46240613607088427,0.0,0.4721382841637805,0.7297297297297298,0.0,0.0,0.0
1.0,1.0,0.0,0.0,1.0,0.31493704494521946,0.0,0.3421676329052117,0.7297297297297298,1.0,1.0,1.0
0.0,0.0,0.0,1.0,0.0,0.15809911724223688,0.5372382359720304,0.4721382841637805,0.7297297297297298,1.0,0.5,1.0
0.0,1.0,0.0,1.0,0.0,0.3491242899557202,0.19446241835243513,0.45357104826969924,0.7297297297297298,1.0,1.0,1.0
0.0,0.0,1.0,0.0,0.0,0.20525859751363915,0.21143677019989265,0.3686922556110421,0.7297297297297298,1.0,0.5,1.0
0.0,0.0,0.3333333333333333,1.0,0.0,0.9999999999999999,0.0,0.3793021046933742,0.7297297297297298,1.0,0.5,1.0
0.0,1.0,0.3333333333333333,1.0,1.0,0.1493608754345463,0.12836853584639746,0.3209479347405474,0.7297297297297298,1.0,1.0,1.0
0.0,1.0,0.6666666666666666,0.0,0.0,0.20278126091867532,0.0,0.2678986893288867,0.7297297297297298,1.0,1.0,1.0
0.0,1.0,0.6666666666666666,1.0,0.0,0.1436855225079019,0.1814133853697022,0.3739971801522082,0.7297297297297298,0.0,1.0,0.0
0.0,1.0,0.6666666666666666,0.0,0.0,0.09724672197321635,0.13314257230349488,0.3076856233876322,0.7297297297297298,0.0,1.0,0.0
0.0,1.0,0.0,1.0,0.0,0.17107135250313837,0.1838534484477742,0.3713447178816251,0.7297297297297298,0.0,1.0,0.0
0.0,1.0,0.0,1.0,0.0,0.10508411411001099,0.26161719784893894,0.21484944391722594,0.32432432432432434,0.0,1.0,1.0
0.0,0.0,0.0,1.0,1.0,0.312369623383166,0.0,0.19893467029372774,0.7297297297297298,1.0,0.5,1.0
0.0,1.0,0.6666666666666666,1.0,0.0,0.16706257146765144,0.0,0.23076421754072418,0.7297297297297298,1.0,0.5,1.0
0.0,1.0,0.0,1.0,0.0,0.18697134919445163,0.0,0.289118387493551,0.7297297297297298,1.0,0.0,1.0
0.0,1.0,0.0,1.0,0.0,0.16026115645238712,0.2725444368507397,0.43500381237561797,0.7297297297297298,1.0,0.0,0.0
0.0,0.0,0.6666666666666666,1.0,0.0,0.18935860082232586,0.0,0.33686270836404564,0.7297297297297298,1.0,1.0,1.0
0.0,1.0,0.0,1.0,0.0,0.36862768533061724,0.0,0.4005218028580385,0.7297297297297298,1.0,0.5,0.0
0.0,1.0,1.0,1.0,0.0,0.34187245010500794,0.0,0.31564301019938135,0.32432432432432434,1.0,0.0,1.0
0.0,1.0,0.0,1.0,0.0,0.12904671535584292,0.2321242615139815,0.38195456696395724,0.7297297297297298,1.0,1.0,1.0
0.0,0.0,0.0,1.0,0.0,0.18089061391590408,0.0,0.23606914208189023,0.7297297297297298,0.0,0.5,0.0
0.0,0.0,0.0,1.0,0.0,0.2634985287370615,0.0,0.3474725574463778,0.7297297297297298,1.0,1.0,1.0
0.0,1.0,1.0,0.0,0.0,0.12598382647479675,0.17653325921355814,0.1618001985055652,0.32432432432432434,0.0,0.0,0.0
0.0,1.0,0.0,1.0,0.0,0.18841270866788515,0.2600258523632398,0.2678986893288867,0.7297297297297298,1.0,0.0,0.0
0.0,1.0,0.3333333333333333,1.0,1.0,0.14864019569782955,0.22056048431790107,0.40582672739920456,0.7297297297297298,1.0,0.5,1.0
0.0,1.0,0.3333333333333333,0.0,0.0,0.11274133631262646,0.15913454856991419,0.2758560761406358,0.32432432432432434,0.0,1.0,0.0
0.0,1.0,1.0,1.0,0.0,0.2045379177769224,0.0,0.24137406662305633,0.7297297297297298,1.0,0.5,1.0
0.0,0.0,0.6666666666666666,1.0,0.0,0.24241864643809655,0.4931049211686408,0.40582672739920456,0.7297297297297298,1.0,1.0,1.0
0.0,1.0,0.6666666666666666,1.0,1.0,0.737570668046048,0.107574954833262,0.3739971801522082,0.7297297297297298,1.0,1.0,1.0
0.0,1.0,0.6666666666666666,1.0,0.0,0.29502826721841924,0.18565697333156655,0.5861941617988511,0.5945945945945945,1.0,0.5,1.0
0.0,1.0,0.3333333333333333,1.0,1.0,0.7439667007094092,0.2387018228548713,0.2042395948348938,0.7297297297297298,1.0,0.5,1.0
1.0,0.0,0.0,0.0,0.0,0.18917843088814668,0.0,0.38460702923454027,0.7297297297297298,1.0,1.0,1.0
0.0,1.0,1.0,0.0,0.0,0.13265011403942667,0.0,0.2758560761406358,0.7297297297297298,1.0,1.0,1.0
0.0,1.0,0.0,1.0,0.0,0.08706712069209227,0.3341825519968198,0.31564301019938135,0.7297297297297298,1.0,0.5,1.0
0.0,1.0,0.0,1.0,0.0,0.4811888517090645,0.0,0.5968040108811832,0.7297297297297298,1.0,0.5,1.0
0.0,1.0,0.6666666666666666,1.0,0.0,0.36858264284707243,0.0,0.6286335581281797,0.7297297297297298,1.0,0.5,1.0
0.0,1.0,0.3333333333333333,0.0,0.0,0.08143681024899266,0.25843450687754066,0.32360039701113047,0.7297297297297298,1.0,1.0,1.0
0.0,0.0,0.6666666666666666,1.0,0.0,0.15300931660167483,0.0,0.1883248212113956,0.7297297297297298,0.0,1.0,0.0
0.0,1.0,0.3333333333333333,1.0,0.0,0.8190074782950407,0.0,1.0,0.7297297297297298,1.0,0.0,0.0
0.0,1.0,0.6666666666666666,1.0,1.0,0.19967332955408434,0.2209848431140875,0.4005218028580385,0.7297297297297298,1.0,0.5,1.0
0.0,0.0,0.0,1.0,0.0,0.10292207489986074,0.0,0.17506250985848043,0.7297297297297298,1.0,0.0,0.0
0.0,0.0,0.0,0.0,0.0,0.1594954342321256,0.0,0.2678986893288867,0.7297297297297298,1.0,1.0,1.0
1.0,0.0,0.0,0.0,1.0,0.7708120209021081,0.0,0.5729318504459359,0.7297297297297298,1.0,0.5,1.0
0.0,1.0,0.0,1.0,0.0,0.15526144077891468,0.2288354808435366,0.29177084976413403,0.7297297297297298,0.0,1.0,0.0
1.0,1.0,0.3333333333333333,1.0,0.0,0.14305492773827475,0.09685989522955445,0.2546363779759715,0.10810810810810811,1.0,0.5,1.0
0.0,1.0,0.0,0.0,0.0,0.11035408468475223,0.1803524883792361,0.2599413025171376,0.7297297297297298,1.0,1.0,1.0
0.0,1.0,0.3333333333333333,1.0,1.0,0.12364161733046729,0.0,0.22811175527014116,0.7297297297297298,1.0,0.5,1.0
0.0,0.0,0.0,1.0,0.0,0.27624555158023895,0.4684921109898274,0.5304924541166073,0.7297297297297298,0.0,1.0,0.0
1.0,0.0,0.0,1.0,0.0,0.02229602935467443,0.39072836158866264,0.2758560761406358,1.0,1.0,1.0,1.0
1.0,0.0,0.0,1.0,0.0,0.13553283298629368,0.0,0.24137406662305633,0.7297297297297298,1.0,0.5,1.0
0.0,1.0,0.6666666666666666,1.0,0.0,0.21237530991371706,0.5966484674381316,0.5278399918460243,0.7297297297297298,1.0,0.5,1.0
0.0,1.0,0.0,0.0,0.0,0.16503565970813558,0.15733102368612184,0.3050331611170492,0.5945945945945945,1.0,0.5,1.0
0.0,1.0,0.6666666666666666,1.0,0.0,0.15134274471051734,0.4684921109898274,0.6206761713164305,0.7297297297297298,1.0,1.0,1.0
0.0,1.0,0.0,1.0,1.0,0.1049039441758318,0.31964826322743434,0.47479074643436353,0.7297297297297298,1.0,0.0,1.0
1.0,0.0,0.3333333333333333,1.0,0.0,0.590597044239376,0.0,0.08222633038807413,0.7297297297297298,1.0,0.0,1.0
0.0,0.0,0.0,0.0,0.0,0.15530648326245947,0.13653744267298637,0.24137406662305633,0.7297297297297298,1.0,1.0,0.0
0.0,1.0,0.3333333333333333,1.0,0.0,0.26642629016747327,0.21260375688940536,0.6392434072105118,0.7297297297297298,1.0,0.5,1.0
0.0,1.0,0.6666666666666666,1.0,0.0,0.14111810094584848,0.21589253755985027,0.3686922556110421,0.7297297297297298,1.0,0.0,1.0
0.0,1.0,0.0,1.0,0.0,0.08918411741869772,0.7071939338446986,0.1618001985055652,0.32432432432432434,1.0,0.5,0.0
0.0,0.0,0.0,1.0,0.0,0.25516566928127404,0.38892483670487027,0.801043605716077,0.7297297297297298,1.0,1.0,0.0
0.0,1.0,1.0,1.0,0.0,0.1493608754345463,0.36367548833177726,0.3739971801522082,0.7297297297297298,1.0,1.0,1.0
1.0,1.0,0.6666666666666666,1.0,0.0,0.08472491154776284,0.17313838884406665,0.2758560761406358,1.0,1.0,0.5,1.0
0.0,0.0,0.0,1.0,0.0,0.20417757790856403,0.2031617736742571,0.4668333596226144,0.7297297297297298,1.0,0.5,0.0
1.0,0.0,0.0,0.0,0.0,0.1463880715205897,0.0,0.22811175527014116,0.7297297297297298,1.0,1.0,0.0
0.0,1.0,0.6666666666666666,0.0,0.0,0.09197675139847512,0.18480825573919368,0.09548864174098931,0.7297297297297298,1.0,0.5,1.0
0.0,0.0,0.0,1.0,0.0,0.10584983633027255,0.0,0.12201326444681969,0.7297297297297298,1.0,0.5,1.0
0.0,1.0,1.0,1.0,1.0,0.2489498065520921,0.15107173144237188,0.24137406662305633,0.7297297297297298,1.0,1.0,1.0
0.0,1.0,0.6666666666666666,1.0,1.0,0.3512412866823257,0.7602387833680034,1.0,0.7297297297297298,1.0,1.0,1.0
0.0,1.0,0.6666666666666666,1.0,1.0,0.7814870895022249,0.0,1.0,0.7297297297297298,1.0,1.0,1.0
0.0,1.0,0.0,1.0,0.0,0.1632790028498885,0.0,0.2678986893288867,0.7297297297297298,1.0,0.5,1.0
0.0,1.0,0.3333333333333333,0.0,0.0,0.23129315300253173,0.15170826963665154,0.40317426512862153,0.7297297297297298,0.0,0.5,1.0
0.0,0.0,0.3333333333333333,0.0,0.0,0.11391244088479117,0.1381287881586855,0.22545929299955808,0.7297297297297298,1.0,0.5,1.0
0.0,0.0,0.0,0.0,0.0,0.2987667933526374,0.0,0.3209479347405474,0.7297297297297298,1.0,0.5,1.0
0.0,1.0,1.0,1.0,0.0,0.1860704995235557,0.0,0.24137406662305633,0.7297297297297298,1.0,0.0,1.0
0.0,0.0,0.6666666666666666,1.0,0.0,0.1548560584270115,0.0,0.2678986893288867,0.7297297297297298,0.0,1.0,0.0
1.0,0.0,0.0,0.0,1.0,0.8114403410595148,0.0,0.3076856233876322,0.7297297297297298,1.0,0.0,1.0
0.0,1.0,0.0,1.0,0.0,0.26948917904851943,0.4143863644760566,0.8355256152336564,0.7297297297297298,1.0,0.0,1.0
0.0,0.0,0.6666666666666666,1.0,0.0,0.15616229044981061,0.0,0.2599413025171376,0.7297297297297298,1.0,0.5,1.0
0.0,1.0,0.0,0.0,0.0,0.12463255196845281,0.056864078688982675,0.15119034942323306,0.7297297297297298,1.0,1.0,0.0
0.0,1.0,1.0,1.0,0.0,0.2822812443752417,0.0,0.3925644160462894,0.32432432432432434,1.0,1.0,1.0
1.0,1.0,0.3333333333333333,1.0,0.0,0.20079939164270427,0.3018251937876039,0.3474725574463778,0.32432432432432434,1.0,0.5,1.0
1.0,0.0,0.0,1.0,0.0,0.0895444572870561,0.0,0.2387216043524733,0.7297297297297298,0.0,0.5,0.0
0.0,1.0,0.3333333333333333,0.0,0.0,0.09409374812508058,0.2677704003936423,0.31564301019938135,0.7297297297297298,1.0,0.0,1.0
0.0,1.0,0.0,1.0,0.0,0.1179212219202781,0.20687491314088846,0.38725949150512334,0.7297297297297298,1.0,1.0,1.0
0.0,0.0,0.0,0.0,0.0,0.14449628721170824,0.0,0.1883248212113956,0.0,1.0,0.5,0.0
0.0,0.0,0.0,1.0,0.0,0.10702094090243726,0.18915793340010467,0.36073486879929295,0.7297297297297298,1.0,1.0,1.0
1.0,0.0,0.0,1.0,0.0,0.21845604519226464,0.0,0.24933145343480545,0.7297297297297298,0.0,0.5,0.0
0.0,1.0,0.0,1.0,0.0,0.11868694414053964,0.21387683327796467,0.2678986893288867,0.7297297297297298,1.0,1.0,1.0
0.0,1.0,0.3333333333333333,1.0,0.0,0.1433702251230883,0.34479152190148077,0.39521687831687247,0.7297297297297298,1.0,0.0,1.0
0.0,1.0,0.0,0.0,0.0,0.10377788208721189,0.24750726787573987,0.45622351054028226,0.7297297297297298,0.0,0.0,0.0
0.0,1.0,0.0,1.0,0.0,0.1550812708447355,0.452578656132836,0.3262528592817135,0.32432432432432434,0.0,1.0,0.0
0.0,1.0,0.3333333333333333,1.0,0.0,0.23953592749122954,0.10948456941610096,0.04509185859991162,0.7297297297297298,1.0,0.5,1.0
0.0,1.0,1.0,1.0,1.0,0.44992936812897555,0.0,0.6657680299163421,0.7297297297297298,1.0,0.5,1.0
0.0,1.0,0.0,1.0,0.0,0.16832376100690577,0.2831534067554007,0.40582672739920456,0.7297297297297298,1.0,0.5,1.0
1.0,1.0,0.0,1.0,0.0,0.18152120868553123,0.24464284600148142,0.45887597281086534,0.7297297297297298,1.0,0.5,1.0
0.0,1.0,0.6666666666666666,0.0,0.0,0.15877475449540882,0.02567370716927949,0.2625937647877206,0.7297297297297298,1.0,0.5,1.0
1.0,1.0,0.3333333333333333,1.0,1.0,0.8708513768551018,0.0,1.0,0.7297297297297298,1.0,0.5,1.0
0.0,1.0,0.0,1.0,0.0,0.2600302575041121,0.21790824184173585,0.5357973786577733,0.7297297297297298,1.0,1.0,1.0
0.0,0.0,0.0,0.0,1.0,0.2544900320281021,0.0,0.3262528592817135,0.7297297297297298,1.0,0.5,1.0
0.0,1.0,0.6666666666666666,1.0,0.0,0.38957244017894777,0.0,0.660463105375176,0.7297297297297298,0.0,0.0,0.0
0.0,0.0,0.0,1.0,0.0,0.1433702251230883,0.0,0.1618001985055652,0.7297297297297298,1.0,0.0,1.0
0.0,1.0,1.0,1.0,0.0,0.1463880715205897,0.26522424761652363,0.3023806988464662,0.7297297297297298,0.0,1.0,0.0
1.0,0.0,0.0,1.0,0.0,0.10035465333780733,0.0,0.0,0.7297297297297298,1.0,0.0,0.0
0.0,1.0,0.0,1.0,0.0,0.13584813037110724,0.21896913883220193,0.2519839157053885,0.7297297297297298,0.0,0.0,0.0
0.0,1.0,0.3333333333333333,1.0,0.0,0.14715379374085125,0.18565697333156655,0.46948582189319743,0.7297297297297298,1.0,0.0,1.0
0.0,1.0,0.6666666666666666,1.0,0.0,0.7439216582258643,0.0,0.7055549639750877,0.7297297297297298,1.0,0.0,1.0
0.0,1.0,0.6666666666666666,0.0,0.0,0.26912883918016106,0.17239576095074038,0.4721382841637805,1.0,1.0,0.5,0.0
0.0,1.0,1.0,1.0,0.0,0.28178577705624896,0.0,0.3739971801522082,0.7297297297297298,1.0,0.5,0.0
0.0,1.0,0.6666666666666666,1.0,0.0,0.13553283298629368,0.04890735126048696,0.2625937647877206,0.10810810810810811,1.0,0.0,1.0
0.0,0.0,0.0,1.0,0.0,0.13868580683442944,0.2905796856886633,0.2678986893288867,0.7297297297297298,1.0,0.0,1.0
0.0,1.0,0.3333333333333333,1.0,0.0,0.07350933314510842,0.23679220827203232,0.2599413025171376,0.7297297297297298,1.0,1.0,1.0
0.0,1.0,0.6666666666666666,1.0,0.0,0.28782146985125173,0.0,0.5198826050342752,0.7297297297297298,1.0,0.5,1.0
0.0,0.0,0.0,1.0,0.0,0.07594162725652745,0.9999999999999999,0.21484944391722594,0.7297297297297298,1.0,0.0,0.0
1.0,1.0,0.0,1.0,0.0,0.13584813037110724,0.0,0.07161648130574198,0.7297297297297298,1.0,0.5,1.0
0.0,1.0,0.3333333333333333,1.0,0.0,0.11877702910762923,0.20337395307235034,0.363387331069876,0.7297297297297298,0.0,1.0,0.0
0.0,1.0,0.3333333333333333,1.0,0.0,0.1861605844906453,0.31826909713982837,0.43235135010503495,0.10810810810810811,1.0,1.0,0.0
0.0,1.0,0.0,1.0,0.0,0.09670621217067879,0.1614685219489396,0.2519839157053885,0.7297297297297298,1.0,0.0,1.0
1.0,0.0,0.0,0.0,0.0,0.0907606043427656,0.0,0.1618001985055652,0.7297297297297298,1.0,0.5,1.0
0.0,1.0,0.6666666666666666,1.0,1.0,0.11602943761139663,0.0,0.2572888402465545,0.7297297297297298,0.0,0.5,0.0
0.0,1.0,0.0,1.0,0.0,0.12837107810267098,0.36240241194321793,0.12466572671740271,0.32432432432432434,1.0,0.5,1.0
0.0,1.0,0.6666666666666666,1.0,1.0,0.2634985287370615,0.0,0.5198826050342752,0.4594594594594595,1.0,0.5,0.0
0.0,1.0,0.0,1.0,0.0,0.16706257146765144,0.35009600685381126,0.3527774819875439,0.32432432432432434,1.0,1.0,1.0
0.0,1.0,0.0,1.0,1.0,0.7193284622104053,0.0,0.6657680299163421,0.7297297297297298,1.0,0.0,1.0
0.0,0.0,0.0,0.0,0.0,0.16589146689548673,0.0,0.2678986893288867,0.7297297297297298,1.0,1.0,1.0
0.0,1.0,0.6666666666666666,0.0,1.0,0.28074979993471866,0.10608969904660946,0.4721382841637805,0.7297297297297298,1.0,1.0,0.0
0.0,1.0,0.0,1.0,1.0,0.4420018910250913,0.0,0.45357104826969924,0.7297297297297298,1.0,1.0,1.0
0.0,1.0,0.6666666666666666,1.0,0.0,0.2535891823572062,0.0,0.4854005955166957,0.7297297297297298,1.0,0.0,1.0
0.0,1.0,1.0,1.0,0.0,0.2501209111242568,0.0,0.31564301019938135,0.7297297297297298,1.0,0.0,1.0
0.0,0.0,0.0,1.0,0.0,0.15881979697895363,0.4562917955994673,0.43235135010503495,0.7297297297297298,1.0,1.0,1.0
1.0,1.0,0.3333333333333333,1.0,0.0,0.5337534300058424,0.0,1.0,0.7297297297297298,1.0,0.5,1.0
0.0,1.0,0.3333333333333333,1.0,0.0,0.1463880715205897,0.26522424761652363,0.43500381237561797,0.7297297297297298,1.0,0.5,1.0
0.0,1.0,0.6666666666666666,0.0,0.0,0.17282800936138543,0.14969256535476597,0.3925644160462894,0.7297297297297298,1.0,1.0,1.0
0.0,1.0,0.0,1.0,0.0,0.13882093428506384,0.20687491314088846,0.2625937647877206,0.7297297297297298,1.0,1.0,1.0
1.0,0.0,0.0,1.0,0.0,0.12386682974819128,0.0,0.16445266077614829,0.7297297297297298,1.0,1.0,1.0
0.0,1.0,1.0,1.0,0.0,0.17818806490321626,0.0,0.08222633038807413,0.32432432432432434,1.0,1.0,1.0
0.0,1.0,0.3333333333333333,1.0,0.0,0.35682655464188046,0.025461527771186272,0.6472007940222609,0.7297297297297298,1.0,0.0,1.0
0.0,1.0,0.6666666666666666,1.0,0.0,0.3348007801884748,0.0,0.4721382841637805,0.7297297297297298,1.0,0.0,1.0
1.0,0.0,0.0,1.0,1.0,0.19967332955408434,0.0,0.3289053215522965,0.7297297297297298,0.0,0.5,0.0
